agegroup,popage,propage
1,341662,0.072700106
2,347950,0.07403809
3,316326,0.067309018
4,297510,0.06330528
5,274577,0.058425511
6,308504,0.065644624
7,375173,0.079830701
8,381290,0.081132299
9,354503,0.075432462
10,317641,0.067588829
11,295203,0.062814388
12,262711,0.05590062
13,233147,0.049609882
14,204901,0.043599594
15,149900,0.031896277
16,238610,0.05077232
